File Name:,File number:,Surface Area (mm^2),myFD,FileFD,minScale,boundVolume,SA_BoundVolume_Ratio,numVertices,boundLength,boundWidth,boundHeight,myX,myY
1029,1029,59996.87075,1.972058013,2.15171956,0.5219583976,6615335.155,0.009069362222,138260,179.513061,204.441834,180.254465,"[1.5910176519314847, 2.012551890070546, 2.434086128209608, 2.8556203663486697, 3.2771546044877313, 3.698688842626793, 4.120223080765855, 4.541757318904916, 4.963291557043979, 5.3848257951830405, 5.806360033322101, 6.227894271461163, 6.6494285096002255, 7.070962747739287, 7.492496985878348, 7.91403122401741, 8.335565462156472, 8.757099700295534, 9.178633938434595, 9.600168176573657, 10.021702414712719, 10.44323665285178, 10.864770890990842, 11.286305129129904, 11.707839367268965, 12.129373605408027, 12.550907843547089, 12.972442081686152, 13.393976319825212, 13.815510557964274]","[0.0, 1.0986122886681098, 2.0794415416798357, 3.295836866004329, 4.356708826689592, 5.351858133476067, 6.373319789577012, 7.315218389752975, 8.220672170297252, 9.113388845899733, 9.986172919154736, 10.835316931890924, 11.659930676636616, 12.455714008350595, 13.216261651848306, 13.912208864783434, 14.41090873721087, 14.564303397616346, 14.653050680379682, 14.707000681416718, 14.741088034230161, 14.762784320104027, 14.776711555976089, 14.785790108035265, 14.791803412059835, 14.79567033692825, 14.798258094892356, 14.799933471037736, 14.801028800462133, 14.801758229795333]"
Acropora grandus,1056,14714.56308,2.069766011,2.046806977,0.135912,963219.2985,0.0152764413,518480,97.78877,171.64353,57.38637,"[2.8579484602998555, 3.235795429184835, 3.613642398069815, 3.9914893669547955, 4.369336335839775, 4.747183304724755, 5.125030273609735, 5.502877242494715, 5.880724211379695, 6.258571180264675, 6.636418149149654, 7.014265118034635, 7.392112086919615, 7.769959055804595, 8.147806024689576, 8.525652993574555, 8.903499962459534, 9.281346931344515, 9.659193900229495, 10.037040869114474, 10.414887837999455, 10.792734806884434, 11.170581775769415, 11.548428744654395, 11.926275713539374, 12.304122682424353, 12.681969651309334, 13.059816620194315, 13.437663589079294, 13.815510557964274]","[1.0986122886681098, 2.302585092994046, 2.772588722239781, 3.4011973816621555, 4.442651256490317, 5.241747015059643, 6.154858094016418, 6.977281341630747, 7.784057002639929, 8.574895901544526, 9.347926034928745, 10.093487885257083, 10.81371996982632, 11.514424341093964, 12.167040714556416, 12.708355886818351, 12.87685662331685, 12.97367773700813, 13.035283634441436, 13.07606600364956, 13.102829833901858, 13.12054973374649, 13.132767070819693, 13.140880865537323, 13.146450928933389, 13.150159461922886, 13.15285572433992, 13.15467373046135, 13.155916134925068, 13.156679776352313]"
Acropora hyacinthus,1991,89733.84145,2.229887612,2.379576573,0.130682,2579738.452,0.03478408494,8079703,136.65272,130.07377,145.1335,"[2.0396535279335084, 2.445717563451811, 2.851781598970113, 3.2578456344884152, 3.663909670006717, 4.06997370552502, 4.476037741043322, 4.882101776561624, 5.288165812079926, 5.694229847598229, 6.100293883116531, 6.5063579186348335, 6.912421954153135, 7.318485989671438, 7.72455002518974, 8.130614060708043, 8.536678096226344, 8.942742131744646, 9.34880616726295, 9.75487020278125, 10.160934238299554, 10.566998273817855, 10.973062309336157, 11.37912634485446, 11.785190380372763, 12.191254415891065, 12.597318451409368, 13.003382486927668, 13.40944652244597, 13.815510557964274]","[0.0, 0.0, 2.1972245773362196, 3.044522437723423, 3.9889840465642745, 4.997212273764115, 6.054439346269371, 7.142036574706803, 8.177796683277778, 9.141526055975824, 10.038236953087743, 10.881042701514057, 11.68870902892443, 12.466465737744285, 13.204011564836026, 13.889833864074832, 14.52127085764156, 15.040424165148186, 15.498148559122056, 15.654883626464784, 15.745960381128873, 15.802269352613271, 15.837716315164071, 15.860659264530495, 15.875731435474535, 15.885517483287359, 15.89201391239639, 15.89634824957307, 15.899229812171727, 15.901142772823288]"
Acropora muricata,1358,16573.82751,1.972548793,1.954894589,0.078176,1615527.349,0.01025908198,1945745,97.91139,119.08469,138.555946,"[2.3236923930056643, 2.7199619849007886, 3.1162315767959132, 3.5125011686910375, 3.908770760586162, 4.305040352481287, 4.701309944376411, 5.097579536271535, 5.49384912816666, 5.890118720061785, 6.286388311956909, 6.682657903852033, 7.078927495747158, 7.475197087642282, 7.871466679537407, 8.26773627143253, 8.664005863327656, 9.06027545522278, 9.456545047117904, 9.85281463901303, 10.249084230908153, 10.645353822803278, 11.041623414698403, 11.437893006593526, 11.834162598488652, 12.230432190383777, 12.6267017822789, 13.022971374174025, 13.41924096606915, 13.815510557964274]","[0.6931471805599453, 1.791759469228055, 2.1972245773362196, 3.295836866004329, 3.9889840465642745, 4.770684624465665, 5.493061443340548, 6.251903883165888, 7.086737934510577, 7.9287663216266955, 8.748463629942055, 9.572132202294377, 10.370674719272289, 11.155021194290347, 11.91813720765075, 12.65406070071823, 13.346376950140119, 13.964833603494654, 14.181776659350238, 14.290248587230709, 14.356671963598345, 14.399338285494022, 14.426342951632462, 14.444907706447431, 14.45688011634258, 14.464879817053287, 14.47028118896457, 14.473886153306681, 14.476311184109937, 14.477917048127944]"
Acropora secale,1600,4513.191462,1.942607989,2.054659746,0.145595,83251.75155,0.05421136947,156217,30.25526,85.51796,32.17623,"[3.498085225323888, 3.853858512656315, 4.209631799988742, 4.56540508732117, 4.921178374653596, 5.276951661986024, 5.632724949318451, 5.988498236650878, 6.344271523983305, 6.700044811315732, 7.055818098648159, 7.411591385980587, 7.767364673313014, 8.12313796064544, 8.478911247977868, 8.834684535310295, 9.190457822642722, 9.54623110997515, 9.902004397307575, 10.257777684640002, 10.61355097197243, 10.969324259304857, 11.325097546637284, 11.680870833969712, 12.036644121302139, 12.392417408634566, 12.748190695966994, 13.10396398329942, 13.459737270631846, 13.815510557964274]","[1.9459101490553132, 2.772588722239781, 3.295836866004329, 4.007333185232471, 4.68213122712422, 5.327876168789581, 6.150602768446279, 6.840546529288687, 7.584773077612199, 8.30844552038576, 8.997270906233448, 9.67464026580524, 10.324005463270584, 10.921377736125875, 11.481816561942988, 11.64982243767105, 11.744251448691996, 11.817803830000262, 11.862306875641476, 11.89263506247868, 11.912298722041978, 11.926074310746237, 11.936400745213016, 11.943005133842313, 11.947929957655687, 11.951044902851647, 11.953648315822207, 11.955076023886246, 11.95652094843966, 11.957309958785837]"
Acropora solitaryensis,1496,83163.5733,2.300550614,2.228564769,0.197324,3664501.811,0.02269437364,2383758,131.83115,188.58703,147.39579,"[2.02623334189447, 2.4327601424486014, 2.8392869430027323, 3.2458137435568633, 3.6523405441109946, 4.058867344665126, 4.465394145219257, 4.871920945773388, 5.27844774632752, 5.684974546881651, 6.0915013474357815, 6.4980281479899125, 6.904554948544044, 7.311081749098176, 7.717608549652306, 8.124135350206437, 8.53066215076057, 8.9371889513147, 9.343715751868832, 9.750242552422963, 10.156769352977093, 10.563296153531226, 10.969822954085355, 11.376349754639488, 11.782876555193619, 12.18940335574775, 12.595930156301883, 13.002456956856014, 13.408983757410143, 13.815510557964274]","[0.0, 0.6931471805599453, 2.0794415416798357, 3.258096538021482, 4.2626798770413155, 5.313205979041787, 6.280395838960195, 7.271008538280992, 8.21959545417708, 9.125326997649227, 9.977341921106609, 10.799453120615684, 11.603442357122285, 12.381411546896244, 13.127486233143069, 13.821497599808398, 14.305182614325277, 14.448982572082347, 14.533795617822314, 14.586480445356848, 14.620383801031343, 14.642193818637756, 14.656377929864425, 14.665867876290628, 14.67211073164871, 14.676219232894843, 14.678874240547199, 14.680703344790006, 14.681842683306012, 14.682632894148473]"
Acropora solitaryensis,2510,14327.61323,1.912711856,2.190500699,0.1528863113,577778.8934,0.02479774424,292148,90.303162,74.614334,85.750458,"[2.449217936038234, 2.8411590609322355, 3.233100185826237, 3.6250413107202384, 4.01698243561424, 4.408923560508241, 4.800864685402242, 5.192805810296244, 5.584746935190245, 5.976688060084247, 6.368629184978248, 6.76057030987225, 7.152511434766251, 7.544452559660252, 7.936393684554255, 8.328334809448256, 8.720275934342258, 9.112217059236258, 9.50415818413026, 9.896099309024262, 10.288040433918264, 10.679981558812264, 11.071922683706266, 11.463863808600268, 11.855804933494268, 12.24774605838827, 12.63968718328227, 13.031628308176273, 13.423569433070275, 13.815510557964274]","[2.0794415416798357, 2.1972245773362196, 3.044522437723423, 3.6635616461296463, 4.48863636973214, 5.262690188904886, 6.054439346269371, 6.90975328164481, 7.7706452341291765, 8.604654467186231, 9.416622566214981, 10.213872454394023, 10.997438996322042, 11.760012079740347, 12.494693027631739, 13.179911270942767, 13.786436987978515, 14.02325779192443, 14.132322942810683, 14.199747943810626, 14.243255614430154, 14.27099935485176, 14.289803101653403, 14.301972994873278, 14.310428726392365, 14.31595488202336, 14.319693971008878, 14.322141395905383, 14.32393590336557, 14.324948819788592]"
Acropora vaughani,1383,8135.187037,1.89954449,1.935982668,0.099828,631139.1433,0.01288968863,542931,74.58738,124.71985,67.84599,"[2.690514995405785, 3.074135532045733, 3.4577560686856805, 3.841376605325629, 4.224997141965576, 4.608617678605524, 4.9922382152454725, 5.375858751885421, 5.759479288525369, 6.143099825165316, 6.526720361805264, 6.910340898445212, 7.29396143508516, 7.677581971725108, 8.061202508365056, 8.444823045005004, 8.828443581644953, 9.2120641182849, 9.595684654924847, 9.979305191564796, 10.362925728204743, 10.746546264844692, 11.13016680148464, 11.513787338124587, 11.897407874764536, 12.281028411404483, 12.664648948044432, 13.04826948468438, 13.431890021324328, 13.815510557964274]","[1.3862943611198906, 2.1972245773362196, 2.5649493574615367, 3.367295829986474, 4.04305126783455, 4.795790545596741, 5.493061443340548, 6.214608098422191, 7.026426808699636, 7.806696372521179, 8.579604451537634, 9.339436945310593, 10.090921021216259, 10.819098053105419, 11.52092339608129, 12.178022904083416, 12.74420794219974, 12.91552861192616, 13.01585998669131, 13.080340662307554, 13.120543722836688, 13.148177312297308, 13.16681844431753, 13.17901210582117, 13.187332430849564, 13.193116299093816, 13.196706179126286, 13.199494774399444, 13.201137588568555, 13.202253458046338]"
Echinopora gemmacea,1577,20739.93974,2.197871954,2.24938541,0.067652,469056.9477,0.04421625102,5239758,86.00041,66.87729,81.55421,"[2.7048958313615903, 3.08802047710651, 3.4711451228514303, 3.854269768596351, 4.237394414341271, 4.620519060086191, 5.003643705831111, 5.386768351576031, 5.769892997320952, 6.153017643065871, 6.536142288810791, 6.919266934555711, 7.302391580300632, 7.685516226045552, 8.068640871790473, 8.451765517535392, 8.834890163280312, 9.218014809025233, 9.601139454770152, 9.984264100515073, 10.367388746259993, 10.750513392004914, 11.133638037749833, 11.516762683494752, 11.899887329239673, 12.283011974984593, 12.666136620729514, 13.049261266474435, 13.432385912219354, 13.815510557964274]","[0.0, 1.6094379124341003, 2.0794415416798357, 2.9444389791664403, 4.007333185232471, 4.787491742782046, 5.723585101952381, 6.660575149839686, 7.563200592358071, 8.430545384690566, 9.257319373170178, 10.084975428581505, 10.900602225303203, 11.708171473387154, 12.49523986460555, 13.239273142982476, 13.943270326765546, 14.560097722152378, 15.048190928546775, 15.20592317740539, 15.298850637424385, 15.357431651866218, 15.396206550417647, 15.420250451971482, 15.436970712765664, 15.448083773450493, 15.455699765221423, 15.460903086427725, 15.4643410918515, 15.466764658544326]"
Fungia repanda,1030,154825.6877,2.304729686,2.270685226,0.21464,5791416.426,0.02673364792,3759520,159.04133,206.40605,176.42185,"[1.8385911734327842, 2.2515883935890426, 2.6645856137453006, 3.077582833901559, 3.4905800540578173, 3.9035772742140753, 4.316574494370334, 4.729571714526592, 5.14256893468285, 5.555566154839108, 5.968563374995367, 6.381560595151625, 6.794557815307884, 7.207555035464142, 7.6205522556204, 8.033549475776658, 8.446546695932916, 8.859543916089175, 9.272541136245433, 9.685538356401691, 10.09853557655795, 10.511532796714208, 10.924530016870467, 11.337527237026725, 11.750524457182983, 12.163521677339242, 12.576518897495498, 12.989516117651757, 13.402513337808015, 13.815510557964274]","[0.0, 1.0986122886681098, 2.3978952727983707, 3.332204510175204, 4.30406509320417, 5.288267030694535, 6.338594078203183, 7.366445148327599, 8.297045149081827, 9.206332350578643, 10.113424276363055, 11.008959592551948, 11.895933626190695, 12.751945864013576, 13.544901901701781, 14.259478814145158, 14.749152680012008, 14.901695276621075, 14.98917002045525, 15.043118928599078, 15.076783216127051, 15.098400267254855, 15.112380633370245, 15.12183595869123, 15.127978061260261, 15.131937826291384, 15.134638147119263, 15.136387878828321, 15.137563420497695, 15.138370055359303]"
Galaxea astreata,1493,9786.858744,2.02835597,2.185216729,0.1967460422,343925.6868,0.0284563181,176167,71.099102,85.691562,56.449804,"[2.7947050143955035, 3.1747327917599435, 3.554760569124384, 3.9347883464888245, 4.314816123853265, 4.6948439012177055, 5.074871678582145, 5.454899455946586, 5.834927233311026, 6.2149550106754665, 6.594982788039907, 6.9750105654043475, 7.355038342768788, 7.735066120133228, 8.115093897497669, 8.495121674862109, 8.87514945222655, 9.25517722959099, 9.635205006955431, 10.01523278431987, 10.39526056168431, 10.77528833904875, 11.155316116413191, 11.535343893777632, 11.915371671142072, 12.295399448506513, 12.675427225870953, 13.055455003235394, 13.435482780599834, 13.815510557964274]","[0.6931471805599453, 1.791759469228055, 2.6390573296152584, 3.6375861597263857, 4.543294782270004, 5.501258210544727, 6.352629396319567, 7.214504414151143, 8.073714641109857, 8.898228985601227, 9.696155832738006, 10.468261443129174, 11.217896469855393, 11.939049043186937, 12.625703609111238, 13.257107534332844, 13.735571928207778, 13.889029571001334, 13.981486754222091, 14.039962053546338, 14.078350862952648, 14.103323621836305, 14.120347638211873, 14.131895240987378, 14.139699086380698, 14.144945231787402, 14.148688803921605, 14.151075954959268, 14.152819587233985, 14.153942302067538]"
Goniopora lobata,1032,121052.487,2.233920132,2.11887903,0.144116,4978046.146,0.02431726896,3265314,177.47004,164.77436,170.23319,"[1.8031782561352545, 2.2173966113707384, 2.631614966606221, 3.045833321841705, 3.460051677077188, 3.8742700323126718, 4.288488387548155, 4.702706742783639, 5.116925098019122, 5.5311434532546055, 5.945361808490089, 6.359580163725572, 6.773798518961056, 7.188016874196539, 7.602235229432023, 8.016453584667506, 8.43067193990299, 8.844890295138473, 9.259108650373957, 9.67332700560944, 10.087545360844922, 10.501763716080408, 10.91598207131589, 11.330200426551373, 11.744418781786857, 12.15863713702234, 12.572855492257823, 12.987073847493308, 13.401292202728792, 13.815510557964274]","[0.0, 0.6931471805599453, 2.1972245773362196, 3.044522437723423, 4.276666119016055, 5.327876168789581, 6.373319789577012, 7.348587530927593, 8.268731832117737, 9.14782646658694, 10.004915345166241, 10.845718898410636, 11.667713084765294, 12.46728239765084, 13.22645308592871, 13.930345251528484, 14.550653923413071, 14.72456074020959, 14.826949638366962, 14.888899735018953, 14.92743221606206, 14.952178779127875, 14.968185436312986, 14.978685742472889, 14.985637912489064, 14.990164020375753, 14.993082198457062, 14.995050393489473, 14.996327216230377, 14.997203090165442]"
Heliofungia actiniformis,2490,18927.99225,2.396686231,2.282340135,0.323462,118869.7258,0.1592330774,124963,57.513618,58.377622,35.40415,"[3.340926234075082, 3.702118796967812, 4.063311359860544, 4.424503922753274, 4.785696485646005, 5.1468890485387355, 5.508081611431466, 5.869274174324197, 6.230466737216927, 6.591659300109658, 6.9528518630023886, 7.31404442589512, 7.675236988787851, 8.03642955168058, 8.397622114573313, 8.758814677466043, 9.120007240358774, 9.481199803251503, 9.842392366144233, 10.203584929036966, 10.564777491929696, 10.925970054822427, 11.287162617715158, 11.648355180607888, 12.009547743500619, 12.37074030639335, 12.73193286928608, 13.09312543217881, 13.454317995071543, 13.815510557964274]","[1.0986122886681098, 1.6094379124341003, 2.70805020110221, 3.367295829986474, 4.477336814478207, 5.41610040220442, 6.410174881966167, 7.315883504509785, 8.21554741194707, 9.053335623166017, 9.824823061352445, 10.497587579494839, 11.023991787620336, 11.374536579520827, 11.577045148407535, 11.674695614202017, 11.714019707087466, 11.72828681334238, 11.732992288006441, 11.734515810684883, 11.734948388615734, 11.735196635871276, 11.735388784979573, 11.73544482151541, 11.735532872585088, 11.73554888103755, 11.73558890104756, 11.735620915902457, 11.735636922945556, 11.735628919456033]"
Herpolitha limax,2485,21777.76058,2.184827705,2.220126455,0.143179,232420.4865,0.09369983216,1058879,126.02667,63.10473,29.224698,"[3.5327411052958744, 3.88731936228444, 4.241897619273005, 4.596475876261571, 4.951054133250136, 5.305632390238702, 5.6602106472272675, 6.014788904215832, 6.369367161204398, 6.723945418192963, 7.078523675181529, 7.433101932170094, 7.78768018915866, 8.142258446147226, 8.496836703135791, 8.851414960124355, 9.20599321711292, 9.560571474101488, 9.915149731090052, 10.269727988078618, 10.624306245067183, 10.978884502055749, 11.333462759044314, 11.68804101603288, 12.042619273021446, 12.397197530010011, 12.751775786998575, 13.10635404398714, 13.460932300975708, 13.815510557964274]","[2.3978952727983707, 3.258096538021482, 4.189654742026425, 4.997212273764115, 5.857933154483459, 6.650279048587422, 7.458186157340487, 8.226038429485484, 8.99949587624899, 9.763650607348328, 10.518348814697529, 11.243829593994127, 11.93814091142583, 12.587340684912489, 13.177924850145663, 13.520584981229932, 13.641611829351403, 13.71592334467829, 13.765758181016569, 13.7960789818201, 13.820956700769324, 13.83681499815119, 13.847119684039102, 13.855029303624532, 13.860150215925142, 13.863874917205939, 13.866559122407894, 13.868363884868076, 13.869663459774394, 13.87059042423123]"
Hydnophora exesa,1579,6098.406475,2.124862106,2.237494364,0.1423394587,111339.0285,0.05477330419,254043,44.707991,86.258659,28.87085,"[3.5172604997251202, 3.872372570698884, 4.227484641672648, 4.582596712646412, 4.937708783620176, 5.2928208545939395, 5.647932925567703, 6.003044996541467, 6.358157067515231, 6.713269138488996, 7.06838120946276, 7.4234932804365235, 7.778605351410286, 8.13371742238405, 8.488829493357814, 8.843941564331578, 9.199053635305342, 9.554165706279106, 9.90927777725287, 10.264389848226633, 10.619501919200399, 10.974613990174163, 11.329726061147927, 11.68483813212169, 12.039950203095453, 12.395062274069216, 12.750174345042982, 13.105286416016746, 13.46039848699051, 13.815510557964274]","[1.0986122886681098, 2.302585092994046, 3.1354942159291497, 3.9318256327243257, 4.820281565605037, 5.7430031878094825, 6.618738983517219, 7.471363088187097, 8.273846932784508, 9.050288983827956, 9.796403329926454, 10.521048746139478, 11.228770498294605, 11.910559993963204, 12.567164321332942, 13.167166556482018, 13.695864037097339, 13.85746503098861, 13.956524759413908, 14.0198577595152, 14.062350323189499, 14.093860218611583, 14.110848251226932, 14.124619672929265, 14.134180992873574, 14.140882123773512, 14.145537065435425, 14.148842153645983, 14.151045927290914, 14.152636152529265]"
Hydonphora exesa,1027,193888.0625,2.206647797,2.305786526,0.6980512063,6027518.649,0.03216714435,131965,142.740002,204.241013,206.75209,"[1.729410725153192, 2.1461727883535744, 2.5629348515539565, 2.979696914754338, 3.3964589779547203, 3.8132210411551024, 4.229983104355485, 4.646745167555867, 5.063507230756249, 5.480269293956631, 5.897031357157013, 6.3137934203573955, 6.730555483557778, 7.14731754675816, 7.564079609958542, 7.980841673158924, 8.397603736359306, 8.814365799559688, 9.23112786276007, 9.647889925960452, 10.064651989160835, 10.481414052361217, 10.898176115561599, 11.314938178761981, 11.731700241962363, 12.148462305162745, 12.565224368363127, 12.98198643156351, 13.398748494763892, 13.815510557964274]","[0.0, 1.6094379124341003, 2.4849066497880004, 3.6888794541139363, 4.74493212836325, 5.8377304471659395, 6.873163834212518, 7.898411092811599, 8.869960510523953, 9.813508138916603, 10.71809987037725, 11.595969817044576, 12.447633551367645, 13.263918493690431, 14.02785278443262, 14.707088427043024, 15.17948926678407, 15.327105405547295, 15.4121225690525, 15.464434725215424, 15.497501663080083, 15.518642617852805, 15.5325022989859, 15.541442141848535, 15.547308924781532, 15.551089899380404, 15.553629418613621, 15.555318797114307, 15.556404185293594, 15.557146925055664]"
Leptoria phrygia,1556,11496.52987,2.100958563,2.1311665,0.056855,156792.1247,0.07332338845,3107195,57.77444,64.178309,42.286353,"[3.1632908690977355, 3.5306087894034786, 3.8979267097092207, 4.265244630014964, 4.632562550320706, 4.999880470626449, 5.367198390932192, 5.734516311237935, 6.101834231543678, 6.4691521518494195, 6.836470072155163, 7.203787992460906, 7.571105912766648, 7.938423833072391, 8.305741753378134, 8.673059673683877, 9.04037759398962, 9.407695514295362, 9.775013434601105, 10.142331354906847, 10.50964927521259, 10.876967195518333, 11.244285115824075, 11.61160303612982, 11.97892095643556, 12.346238876741305, 12.713556797047046, 13.080874717352788, 13.448192637658533, 13.815510557964274]","[1.3862943611198906, 2.302585092994046, 2.8903717578961645, 3.7612001156935624, 4.564348191467836, 5.41610040220442, 6.2422232654551655, 7.051855622955894, 7.851271997109883, 8.628376720376853, 9.41041998369184, 10.170877627969897, 10.923867992934664, 11.664951031199418, 12.381541610186902, 13.068825460472238, 13.714743918724082, 14.298912773910319, 14.600139690916787, 14.721118026455823, 14.797265007849349, 14.84633460642859, 14.878977763471129, 14.901123722929857, 14.916221642618433, 14.926436060245694, 14.933506104959937, 14.938430019096595, 14.941754550493604, 14.944144324994344]"
Leptoseris gardineri,1538,15574.70003,2.043636764,2.045460732,0.113726,936995.3254,0.01662196129,1087346,98.99151,101.81462,92.96711,"[2.3755095042938605, 2.7699922992480124, 3.1644750942021647, 3.558957889156317, 3.953440684110469, 4.347923479064621, 4.742406274018774, 5.136889068972925, 5.5313718639270775, 5.92585465888123, 6.320337453835381, 6.714820248789534, 7.109303043743687, 7.503785838697839, 7.89826863365199, 8.292751428606143, 8.687234223560294, 9.081717018514446, 9.476199813468599, 9.87068260842275, 10.265165403376903, 10.659648198331055, 11.054130993285208, 11.44861378823936, 11.843096583193512, 12.237579378147664, 12.632062173101817, 13.026544968055969, 13.421027763010121, 13.815510557964274]","[0.0, 0.0, 2.0794415416798357, 2.995732273553991, 3.784189633918261, 4.454347296253507, 5.153291594497779, 5.978885764901122, 6.841615476477592, 7.704361167910313, 8.561018670956267, 9.407468436087111, 10.231675569569644, 11.041464774726492, 11.822686982564889, 12.559135072178623, 13.221895541169117, 13.56281331689545, 13.687257780334118, 13.761287713474221, 13.808289549120932, 13.838790465839999, 13.858837253101415, 13.872260388345369, 13.881070744523948, 13.887088618302442, 13.89113923040983, 13.893767055930041, 13.895575111553033, 13.896826915739522]"
Lobophyllia pachysepta,1519,19863.25684,2.26299479,2.16260765,0.086611,304729.2065,0.06518330509,2289417,69.01974,91.72119,48.13612,"[3.0337224481305145, 3.405508245021334, 3.777294041912153, 4.149079838802972, 4.5208656356937915, 4.8926514325846115, 5.264437229475431, 5.63622302636625, 6.008008823257069, 6.379794620147888, 6.751580417038707, 7.123366213929526, 7.4951520108203455, 7.866937807711165, 8.238723604601985, 8.610509401492804, 8.982295198383623, 9.354080995274442, 9.725866792165261, 10.097652589056082, 10.469438385946901, 10.841224182837719, 11.213009979728538, 11.584795776619357, 11.956581573510178, 12.328367370400997, 12.700153167291814, 13.071938964182635, 13.443724761073453, 13.815510557964274]","[0.6931471805599453, 1.3862943611198906, 2.772588722239781, 3.4965075614664802, 4.418840607796598, 5.356586274672012, 6.285998094508865, 7.1276936993473985, 7.959625305098115, 8.785845337961213, 9.596214830319344, 10.408858325619155, 11.203638341832722, 11.980563799109678, 12.71949489514343, 13.398581994807703, 14.006672093424903, 14.314964973909348, 14.432082263048098, 14.503253662774839, 14.548966321271202, 14.579174914335487, 14.599671428895098, 14.613559048763374, 14.623038102765873, 14.629541738993337, 14.633982486066559, 14.6370927290251, 14.639147259344204, 14.640620213540908]"
Merulina ampliata,1568,21801.15183,2.107775222,2.254050833,0.095161,432090.2759,0.05045508554,1904523,60.43391,107.33251,66.61354,"[2.8062049077397115, 3.1858361370578, 3.5654673663758882, 3.9450985956939766, 4.324729825012065, 4.704361054330153, 5.083992283648241, 5.46362351296633, 5.843254742284419, 6.222885971602507, 6.6025172009205955, 6.982148430238683, 7.361779659556771, 7.74141088887486, 8.121042118192948, 8.500673347511038, 8.880304576829126, 9.259935806147213, 9.639567035465303, 10.019198264783391, 10.398829494101479, 10.778460723419567, 11.158091952737657, 11.537723182055744, 11.917354411373832, 12.296985640691922, 12.676616870010008, 13.056248099328098, 13.435879328646186, 13.815510557964274]","[1.6094379124341003, 1.9459101490553132, 3.091042453358316, 3.6888794541139363, 4.454347296253507, 5.293304824724492, 6.163314804034641, 7.057036981697891, 7.914617709040679, 8.726805608446096, 9.525734882994499, 10.322428124045716, 11.109578112833065, 11.87797127524272, 12.612154230244247, 13.290677283543674, 13.898397524587983, 14.149444576032481, 14.25917213691989, 14.327392423710254, 14.370896268868563, 14.399924876225535, 14.419102765699389, 14.432175642675483, 14.440997550049218, 14.446973805836086, 14.45102703670327, 14.453826614443361, 14.455668269603514, 14.456952780467438]"
Merulina scabricula,1086,12859.18335,2.223695236,2.23859077,0.081056,164006.1447,0.07840671684,2085789,49.15797,81.3525,41.01052,"[3.193926659824371, 3.560188173553333, 3.9264496872822954, 4.292711201011258, 4.658972714740219, 5.0252342284691816, 5.391495742198144, 5.757757255927106, 6.124018769656068, 6.49028028338503, 6.856541797113993, 7.222803310842955, 7.589064824571917, 7.955326338300879, 8.321587852029841, 8.687849365758803, 9.054110879487766, 9.420372393216727, 9.78663390694569, 10.152895420674652, 10.519156934403613, 10.885418448132576, 11.251679961861539, 11.6179414755905, 11.984202989319462, 12.350464503048425, 12.716726016777386, 13.082987530506347, 13.449249044235312, 13.815510557964274]","[1.3862943611198906, 1.3862943611198906, 2.6390573296152584, 3.4011973816621555, 4.23410650459726, 5.111987788356544, 5.955837369464831, 6.8501261661455, 7.709308333385869, 8.544224530467268, 9.374582815370232, 10.189756126469401, 10.987020043769144, 11.760332268420118, 12.498335460343528, 13.178679436563169, 13.786145596934308, 14.181022044407316, 14.31195405295198, 14.391362958651579, 14.443288472413577, 14.477264589897583, 14.500197047606353, 14.516229004020538, 14.526776596134313, 14.534106650414017, 14.539298479530721, 14.542834502325569, 14.545246144039801, 14.546894794968907]"
Merulina scarbricula,1487,47203.94308,2.171405778,2.258368305,0.129492,905801.1039,0.05211292289,2222825,51.51446,143.95893,122.142016,"[2.965892734023818, 3.340017486573489, 3.7141422391231598, 4.088266991672831, 4.462391744222502, 4.836516496772172, 5.210641249321844, 5.584766001871515, 5.958890754421185, 6.333015506970857, 6.707140259520528, 7.081265012070198, 7.45538976461987, 7.82951451716954, 8.203639269719211, 8.577764022268882, 8.951888774818553, 9.326013527368223, 9.700138279917896, 10.074263032467567, 10.448387785017237, 10.822512537566908, 11.196637290116579, 11.57076204266625, 11.944886795215922, 12.31901154776559, 12.693136300315262, 13.067261052864934, 13.441385805414603, 13.815510557964274]","[2.1972245773362196, 3.044522437723423, 3.6635616461296463, 4.465908118654584, 5.308267697401205, 6.139884552226255, 7.00850518208228, 7.913886714856082, 8.746080217357513, 9.565774546478782, 10.39616957206583, 11.222279003054432, 12.022324071030605, 12.771764224125425, 13.448795379131127, 14.049164283390166, 14.304340234866308, 14.412829424511546, 14.480634222127993, 14.52425053651869, 14.553469045146995, 14.572727243440877, 14.585876153944152, 14.59473772356967, 14.600908242290084, 14.60504733554811, 14.607962656001492, 14.609938242241443, 14.611339770244498, 14.612261161398257]"
Millepora,1381,8736.922936,2.003136774,2.068972488,0.095767,558880.8096,0.01563289128,936639,61.36788,98.9772,92.01167,"[2.790868707743557, 3.1710287715442718, 3.5511888353449863, 3.9313488991457004, 4.311508962946414, 4.691669026747129, 5.071829090547843, 5.451989154348558, 5.832149218149272, 6.212309281949986, 6.5924693457507, 6.972629409551415, 7.3527894733521295, 7.732949537152844, 8.113109600953559, 8.493269664754273, 8.873429728554987, 9.253589792355701, 9.633749856156415, 10.01390991995713, 10.394069983757845, 10.774230047558559, 11.154390111359273, 11.534550175159987, 11.914710238960701, 12.294870302761415, 12.67503036656213, 13.055190430362845, 13.43535049416356, 13.815510557964274]","[1.0986122886681098, 1.791759469228055, 2.4849066497880004, 3.258096538021482, 3.9512437185814275, 4.736198448394496, 5.598421958998375, 6.363028103540465, 7.180069874302796, 7.952966790923131, 8.718500048121273, 9.483340185641822, 10.233797987043532, 10.971949864253354, 11.700342351827354, 12.395328438177026, 13.024679983754417, 13.378273009324202, 13.512820425885218, 13.594555859363181, 13.645852084823712, 13.680427104373155, 13.702908328724154, 13.717940727070312, 13.728396993935545, 13.735229571904698, 13.740083100287668, 13.743204346280248, 13.745403494567412, 13.74692438947673]"
Montipora aequituberculata,1992,36353.79236,2.145716747,2.19145173,0.4776319847,4706957.268,0.007723416699,129223,169.305294,151.210022,183.860798,"[1.8865439356438818, 2.297887612275619, 2.709231288907357, 3.120574965539095, 3.5319186421708326, 3.9432623188025704, 4.354605995434308, 4.7659496720660455, 5.177293348697783, 5.588637025329521, 5.999980701961259, 6.4113243785929965, 6.822668055224734, 7.234011731856471, 7.645355408488209, 8.056699085119947, 8.468042761751684, 8.879386438383422, 9.29073011501516, 9.702073791646898, 10.113417468278636, 10.524761144910373, 10.936104821542111, 11.347448498173849, 11.758792174805587, 12.170135851437323]","[0.0, 1.3862943611198906, 1.9459101490553132, 2.995732273553991, 3.9512437185814275, 4.962844630259907, 5.82600010738045, 6.7912214627261855, 7.762596048540069, 8.70167907103957, 9.544166252942194, 10.301189270026459, 10.951525586491304, 11.41392247512822, 11.650153765601537, 11.738138872652996, 11.765309321209156, 11.768358068581506, 11.768954318420102, 11.769101390334663, 11.769155569272227, 11.769217484463914, 11.769256179512112, 11.769279395822347, 11.769287134472648, 11.769279395822347]"
Montipora informis,1490,34857.50378,2.229877444,2.204179879,0.151664,1212333.926,0.02875239488,1191286,73.28988,96.19127,171.966,"[2.613332742376869, 2.999614736017814, 3.385896729658759, 3.7721787232997035, 4.158460716940649, 4.544742710581594, 4.931024704222539, 5.317306697863484, 5.703588691504429, 6.089870685145374, 6.476152678786319, 6.862434672427264, 7.2487166660682085, 7.6349986597091535, 8.021280653350098, 8.407562646991042, 8.793844640631988, 9.180126634272934, 9.566408627913878, 9.952690621554824, 10.338972615195768, 10.725254608836714, 11.111536602477658, 11.497818596118604, 11.884100589759548, 12.270382583400494, 12.656664577041438, 13.042946570682384, 13.429228564323328, 13.815510557964274]","[0.6931471805599453, 1.6094379124341003, 2.4849066497880004, 3.6635616461296463, 4.553876891600541, 5.497168225293202, 6.495265555937008, 7.411556287811163, 8.283241441385425, 9.104979856318357, 9.883488906029438, 10.650317670012258, 11.404493570787915, 12.127543375365452, 12.811423595729098, 13.430153912732761, 13.679722907617826, 13.787181039843306, 13.858770218959943, 13.902523684952373, 13.931364623241869, 13.950716048504582, 13.963948666366958, 13.972630539334912, 13.978167527934025, 13.982214119662983, 13.984935138473086, 13.986704599628787, 13.987881942238381, 13.98873755096529]"
Oulophyllia crispa,1585,21345.12231,1.965267314,2.14465735,0.2534981806,1273134.013,0.01676580948,126575,95.425003,126.551701,105.425083,"[2.2497772960446936, 2.648595684386748, 3.0474140727288024, 3.446232461070857, 3.8450508494129116, 4.243869237754966, 4.642687626097021, 5.041506014439076, 5.44032440278113, 5.839142791123185, 6.237961179465239, 6.636779567807293, 7.035597956149348, 7.434416344491403, 7.833234732833458, 8.232053121175513, 8.630871509517567, 9.02968989785962, 9.428508286201675, 9.82732667454373, 10.226145062885784, 10.624963451227838, 11.023781839569894, 11.422600227911948, 11.821418616254004, 12.220237004596058, 12.619055392938114, 13.017873781280166, 13.416692169622221, 13.815510557964274]","[1.3862943611198906, 2.302585092994046, 2.9444389791664403, 3.7612001156935624, 4.700480365792417, 5.572154032177765, 6.437751649736401, 7.288927694521257, 8.14351740579748, 8.977651407818442, 9.791829470993246, 10.589660469358737, 11.350147678442452, 12.060185230696067, 12.68984665143952, 12.931369928206413, 13.042161490395767, 13.110223992319298, 13.152911980893096, 13.180003786177165, 13.198335040378366, 13.210269853673045, 13.218246120535712, 13.223610444420613, 13.22723677443914, 13.229639856431554, 13.231318225702298, 13.23252276005886, 13.233256957390353, 13.233761629194385]"
Oxypora glabra,1510,31857.99754,2.287803704,2.254275036,0.098199,525813.3667,0.06058803286,3101725,65.2018,102.49002,78.68473,"[2.730268203068643, 3.1125179394443543, 3.494767675820066, 3.877017412195777, 4.259267148571489, 4.6415168849472, 5.0237666213229115, 5.406016357698623, 5.788266094074334, 6.170515830450046, 6.552765566825758, 6.935015303201468, 7.3172650395771806, 7.699514775952892, 8.081764512328602, 8.464014248704315, 8.846263985080027, 9.228513721455737, 9.61076345783145, 9.99301319420716, 10.375262930582872, 10.757512666958583, 11.139762403334295, 11.522012139710007, 11.904261876085718, 12.28651161246143, 12.66876134883714, 13.051011085212853, 13.433260821588563, 13.815510557964274]","[0.0, 1.0986122886681098, 2.1972245773362196, 3.258096538021482, 4.07753744390572, 5.043425116919247, 5.8944028342648505, 6.84587987526405, 7.77485576666552, 8.700347734514084, 9.634758073001034, 10.516996110435857, 11.362021176574027, 12.165708879340613, 12.920841875664696, 13.621406256471893, 14.25050404713929, 14.596616874581636, 14.724020296270716, 14.800678634652431, 14.849764931406805, 14.881742551052774, 14.903065943754163, 14.917429041807505, 14.92713646761649, 14.933625428919562, 14.938106264714337, 14.941116873975727, 14.943202893512169, 14.944608080445072]"
Oxypora glabra,1599,9052.958986,2.036576324,2.113701258,0.082781,245254.0442,0.0369125778,816387,43.152038,105.96518,53.63542,"[3.1430256319770677, 3.5110423535628335, 3.8790590751485996, 4.247075796734364, 4.615092518320131, 4.983109239905897, 5.351125961491662, 5.719142683077428, 6.087159404663193, 6.455176126248959, 6.823192847834725, 7.19120956942049, 7.559226291006256, 7.9272430125920215, 8.295259734177789, 8.663276455763553, 9.031293177349319, 9.399309898935085, 9.76732662052085, 10.135343342106616, 10.503360063692382, 10.871376785278148, 11.239393506863912, 11.607410228449679, 11.975426950035445, 12.34344367162121, 12.711460393206975, 13.079477114792743, 13.44749383637851, 13.815510557964274]","[1.6094379124341003, 2.5649493574615367, 2.772588722239781, 3.784189633918261, 4.477336814478207, 5.093750200806762, 5.937536205082426, 6.759255270663693, 7.557994958530806, 8.3707791729607, 9.156517565278676, 9.929886026390658, 10.66681356771732, 11.379805416303608, 12.063465910566931, 12.694103429794751, 13.197487547339858, 13.346244256825349, 13.436565172751205, 13.493977967017356, 13.531596046001624, 13.557294079526791, 13.574595016214595, 13.586416839463563, 13.594680578278089, 13.600115658159279, 13.604046040454701, 13.606728386585093, 13.608608152334147, 13.609866739220474]"
Pachyseris rugosa,1536,41884.23911,2.164275812,2.230835705,0.237267,1158705.667,0.03614743615,641077,83.20209,128.12242,108.69605,"[2.486482811278173, 2.877138940474245, 3.267795069670318, 3.6584511988663904, 4.049107328062463, 4.439763457258535, 4.830419586454608, 5.22107571565068, 5.611731844846752, 6.002387974042824, 6.393044103238896, 6.78370023243497, 7.174356361631042, 7.5650124908271135, 7.955668620023187, 8.346324749219258, 8.73698087841533, 9.127637007611405, 9.518293136807475, 9.908949266003548, 10.29960539519962, 10.690261524395693, 11.080917653591765, 11.471573782787837, 11.862229911983912, 12.252886041179982, 12.643542170376055, 13.034198299572127, 13.4248544287682, 13.815510557964274]","[0.6931471805599453, 1.9459101490553132, 2.4849066497880004, 3.58351893845611, 4.406719247264253, 5.402677381872279, 6.327936783729195, 7.215975002651466, 8.164510268747042, 9.06009870864564, 9.884049858643653, 10.652636923211357, 11.38938966384362, 12.077591336881623, 12.705456056139804, 13.02921026944683, 13.151632817396306, 13.227868682579647, 13.276161995265046, 13.307713676258293, 13.328839190518806, 13.342499210064203, 13.351870637305007, 13.358013988353397, 13.36228223319553, 13.36500519597641, 13.366939599321006, 13.368262055839425, 13.369062504884026, 13.369671792317808]"
Pachyseris speciosa,1539 (X),8613.025667,2.109789566,2.18320251,0.083695,209293.0593,0.04115294457,1205510,44.31238,87.95702,53.69814,"[3.1164911827329496, 3.485422885327133, 3.8543545879213164, 4.2232862905155, 4.592217993109684, 4.961149695703868, 5.330081398298051, 5.699013100892235, 6.0679448034864185, 6.436876506080602, 6.805808208674786, 7.174739911268969, 7.543671613863153, 7.912603316457337, 8.28153501905152, 8.650466721645705, 9.019398424239887, 9.38833012683407, 9.757261829428256, 10.126193532022437, 10.495125234616623, 10.864056937210806, 11.232988639804988, 11.601920342399172, 11.970852044993356, 12.339783747587541, 12.708715450181725, 13.077647152775908, 13.44657885537009, 13.815510557964274]","[1.0986122886681098, 1.791759469228055, 2.70805020110221, 3.4965075614664802, 4.248495242049359, 5.10594547390058, 5.932245187448011, 6.8001700683022, 7.640123172695364, 8.440312147080279, 9.198773735604718, 9.942323576321327, 10.66066531275321, 11.367680015613487, 12.048125601957862, 12.695569417912298, 13.288643624270707, 13.62354706675808, 13.755990887963677, 13.838640975353128, 13.891394167027016, 13.927118120131075, 13.950890740522999, 13.967061862340486, 13.977786707993499, 13.98552165098114, 13.990812535055314, 13.994356916579294, 13.996940884397073, 13.998527706111794]"
Pachyseris speciosa,1572,14955.46872,2.193392186,2.173308311,0.090302,329559.0806,0.04538023561,1515869,60.17451,102.86211,53.24334,"[2.9328825526370954, 3.30814558730355, 3.683408621970005, 4.058671656636459, 4.433934691302913, 4.8091977259693675, 5.184460760635822, 5.559723795302277, 5.934986829968731, 6.3102498646351854, 6.68551289930164, 7.060775933968094, 7.436038968634549, 7.811302003301004, 8.186565037967458, 8.561828072633913, 8.937091107300366, 9.312354141966821, 9.687617176633276, 10.06288021129973, 10.438143245966184, 10.81340628063264, 11.188669315299094, 11.563932349965548, 11.939195384632002, 12.314458419298457, 12.689721453964912, 13.064984488631366, 13.44024752329782, 13.815510557964274]","[0.6931471805599453, 1.6094379124341003, 2.3978952727983707, 3.2188758248682006, 4.248495242049359, 5.209486152841421, 6.131226489483141, 7.042286171939743, 7.873978379604501, 8.671972245203792, 9.465060106725137, 10.229332086082257, 10.968801555802724, 11.688004188994599, 12.37924833946646, 13.031232253170364, 13.61814196012743, 13.883710181579975, 14.006439960723261, 14.08175804219575, 14.130627820164595, 14.16351603039916, 14.184913160527223, 14.199742496037745, 14.209799444121732, 14.216418631879824, 14.221408239165873, 14.224573851498688, 14.226847725071908, 14.228255768369728]"
Pavona cactus,1543,6411.117763,2.126407905,2.192543939,0.040471,157435.873,0.04072208983,3493958,61.20777,45.78438,56.17975,"[3.0838122940670396, 3.4538708548910826, 3.8239294157151247, 4.193987976539168, 4.56404653736321, 4.934105098187253, 5.304163659011295, 5.674222219835338, 6.04428078065938, 6.414339341483423, 6.784397902307465, 7.154456463131508, 7.5245150239555505, 7.894573584779593, 8.264632145603635, 8.634690706427678, 9.004749267251722, 9.374807828075763, 9.744866388899807, 10.114924949723848, 10.484983510547892, 10.855042071371933, 11.225100632195977, 11.595159193020018, 11.965217753844062, 12.335276314668103, 12.705334875492145, 13.075393436316189, 13.44545199714023, 13.815510557964274]","[0.6931471805599453, 1.0986122886681098, 2.0794415416798357, 2.8903717578961645, 3.784189633918261, 4.543294782270004, 5.501258210544727, 6.3835066348840055, 7.233455418621439, 8.061486866871327, 8.833899942908635, 9.588434283288215, 10.32980049315713, 11.060918912426148, 11.7802925789066, 12.481022759487244, 13.159637967318407, 13.801371064810553, 14.38612393582351, 14.715937319838154, 14.8383689565961, 14.914665032956144, 14.964358632054383, 14.9968999662379, 15.018989040133143, 15.033879932568777, 15.044114021742013, 15.051054701127528, 15.055861384978657, 15.059240277815148]"
Pavona frondifera,1564,6552.715337,2.030155855,2.131889172,0.059968,198367.772,0.03303316497,1253679,55.191902,73.85086,48.66763,"[3.022741151617271, 3.394905613905099, 3.7670700761929266, 4.139234538480754, 4.511399000768582, 4.88356346305641, 5.255727925344237, 5.627892387632065, 6.0000568499198925, 6.372221312207721, 6.744385774495549, 7.116550236783376, 7.4887146990712035, 7.860879161359032, 8.233043623646859, 8.605208085934688, 8.977372548222515, 9.349537010510343, 9.72170147279817, 10.093865935085997, 10.466030397373826, 10.838194859661654, 11.21035932194948, 11.582523784237308, 11.954688246525137, 12.326852708812964, 12.699017171100792, 13.071181633388619, 13.443346095676446, 13.815510557964274]","[1.0986122886681098, 1.3862943611198906, 2.4849066497880004, 3.1780538303479458, 3.9889840465642745, 4.736198448394496, 5.602118820879701, 6.411818267709897, 7.244941546337007, 8.022568946988255, 8.7879833961978, 9.533293058509884, 10.272565263191902, 10.993697977523398, 11.698433605874474, 12.37731640278361, 13.012807406452334, 13.572669273852265, 13.744264793475724, 13.846865803886612, 13.911306074519118, 13.953205147446, 13.981568069290073, 14.000516840986794, 14.013467574728741, 14.022218176301589, 14.028372635603583, 14.032503231353964, 14.035420888047367, 14.037359671855732]"
Pectinia paeonia,1549 (X),8179.784026,2.126057777,2.248710333,0.071919,64869.39181,0.1260962034,2749124,32.710309,64.56233,30.716801,"[3.4829455102395825, 3.8392408567128475, 4.195536203186113, 4.551831549659378, 4.908126896132644, 5.264422242605909, 5.620717589079174, 5.977012935552439, 6.333308282025705, 6.68960362849897, 7.045898974972236, 7.4021943214455, 7.758489667918766, 8.11478501439203, 8.471080360865296, 8.827375707338561, 9.183671053811826, 9.539966400285092, 9.896261746758357, 10.252557093231623, 10.608852439704888, 10.965147786178154, 11.321443132651417, 11.677738479124685, 12.034033825597948, 12.390329172071214, 12.746624518544479, 13.102919865017745, 13.45921521149101, 13.815510557964274]","[1.3862943611198906, 2.4849066497880004, 3.2188758248682006, 3.912023005428146, 4.74493212836325, 5.4638318050256105, 6.2878585601617845, 7.095064377287131, 7.933796874815411, 8.738895704934043, 9.506288188844996, 10.250086907777256, 10.976935867540687, 11.678456852456709, 12.353297971786516, 12.98636036140512, 13.580131203593814, 14.0332040848387, 14.4471051550345, 14.57827474852953, 14.660225800548956, 14.714265635017323, 14.748995026741545, 14.772932484551378, 14.78947945747186, 14.800811547840901, 14.808692698920673, 14.814031388043402, 14.817936416366065, 14.820578906108729]"
Pectinia paeonia,1573,11215.60333,2.187797341,2.23030285,0.078108,137454.8931,0.08159479142,1452124,57.54459,63.70069,37.498299,"[3.2834597070345675, 3.6466338743080056, 4.0098080415814445, 4.372982208854882, 4.736156376128321, 5.099330543401758, 5.462504710675197, 5.8256788779486355, 6.188853045222073, 6.552027212495511, 6.915201379768949, 7.278375547042387, 7.6415497143158255, 8.004723881589262, 8.367898048862703, 8.73107221613614, 9.094246383409578, 9.457420550683016, 9.820594717956453, 10.183768885229894, 10.54694305250333, 10.910117219776769, 11.273291387050207, 11.636465554323644, 11.999639721597083, 12.362813888870523, 12.72598805614396, 13.089162223417398, 13.452336390690837, 13.815510557964274]","[0.6931471805599453, 1.9459101490553132, 2.6390573296152584, 3.6888794541139363, 4.465908118654584, 5.365976015021851, 6.257667587882639, 7.108244139731541, 7.9420068084898565, 8.757469141470748, 9.537843938614635, 10.305914717430841, 11.040711394498347, 11.751052205586449, 12.42483059413183, 13.05500488387951, 13.623062298764603, 13.868082135000328, 13.979345620978238, 14.046976977919297, 14.092037138648116, 14.122205975722903, 14.142877899108239, 14.156818227869097, 14.166420918573154, 14.173325551799097, 14.177985350219442, 14.181271102549111, 14.183473848105354, 14.185020973662285]"
Platygyra verweyi,1993,76358.91353,2.04945016,2.056033776,0.084817,2559727.67,0.02983087398,4430112,139.89278,121.391,150.73426,"[2.1087385381954906, 2.512420331980621, 2.9161021257657516, 3.319783919550882, 3.7234657133360125, 4.127147507121143, 4.530829300906273, 4.934511094691404, 5.338192888476534, 5.741874682261665, 6.145556476046795, 6.549238269831926, 6.952920063617056, 7.356601857402187, 7.760283651187317, 8.163965444972447, 8.567647238757578, 8.971329032542709, 9.37501082632784, 9.77869262011297, 10.1823744138981, 10.58605620768323, 10.98973800146836, 11.393419795253491, 11.797101589038622, 12.200783382823753, 12.604465176608883, 13.008146970394014, 13.411828764179143, 13.815510557964274]","[0.0, 1.3862943611198906, 2.4849066497880004, 3.4657359027997265, 4.543294782270004, 5.517452896464707, 6.434546518787453, 7.277938572945661, 8.126222529458525, 8.936824154997302, 9.764168012286715, 10.570803973061551, 11.36612934064356, 12.150618073444761, 12.912212553859693, 13.646607765493403, 14.327923920605539, 14.889521363222956, 15.048532811532567, 15.141682233776521, 15.198391600334018, 15.234886634786156, 15.258167057647752, 15.273683157227579, 15.283793808639654, 15.29051541425459, 15.294960734456497, 15.298053976187049, 15.29999889130465, 15.301343645968453]"
Polyphyllia talpina,2502,146244.212,2.102919161,2.254517138,0.157982,9622719.497,0.01519780475,3053802,212.17812,205.73252,220.44197,"[1.5811784005067093, 2.0030519231776593, 2.4249254458486105, 2.8467989685195607, 3.2686724911905114, 3.6905460138614616, 4.112419536532412, 4.534293059203363, 4.956166581874314, 5.378040104545264, 5.799913627216215, 6.221787149887166, 6.6436606725581155, 7.065534195229066, 7.487407717900017, 7.909281240570968, 8.331154763241917, 8.753028285912867, 9.174901808583819, 9.596775331254769, 10.01864885392572, 10.44052237659667, 10.862395899267622, 11.284269421938573, 11.706142944609521, 12.128016467280473, 12.549889989951424, 12.971763512622372, 13.393637035293324, 13.815510557964274]","[0.6931471805599453, 1.791759469228055, 2.3978952727983707, 3.367295829986474, 4.2626798770413155, 5.231108616854587, 6.194405391104672, 7.21081845347222, 8.164225652265827, 9.057771773331575, 9.93212359907246, 10.797021297287667, 11.643462378614423, 12.466866446696244, 13.249218030125192, 13.968724227505906, 14.515133723991555, 14.680059052585847, 14.773777050514461, 14.830706454479708, 14.866441267755146, 14.889363856839095, 14.904167119097988, 14.913779120898795, 14.919997225301174, 14.924201222092773, 14.926823517243884, 14.928586738403183, 14.929759291088551, 14.930518369143721]"
Porites cylindrica,1376,14532.16287,2.090078033,2.058211407,0.068403,663378.9734,0.02190627598,1924070,85.04062,113.29593,68.8527,"[2.6757858388901137, 3.059914277478878, 3.444042716067642, 3.8281711546564066, 4.21229959324517, 4.596428031833935, 4.980556470422698, 5.364684909011463, 5.748813347600227, 6.132941786188991, 6.517070224777755, 6.901198663366519, 7.285327101955283, 7.669455540544048, 8.053583979132812, 8.437712417721576, 8.82184085631034, 9.205969294899104, 9.590097733487868, 9.974226172076632, 10.358354610665396, 10.74248304925416, 11.126611487842924, 11.510739926431688, 11.894868365020452, 12.278996803609218, 12.663125242197982, 13.047253680786744, 13.43138211937551, 13.815510557964274]","[0.0, 1.3862943611198906, 2.302585092994046, 3.091042453358316, 3.9889840465642745, 4.852030263919617, 5.765191102784844, 6.635946555686647, 7.463363045520021, 8.279443487712665, 9.082279701908664, 9.862144589001746, 10.634267647902924, 11.388212220796587, 12.125009000210444, 12.832171491336991, 13.497099825921266, 14.043101803605714, 14.200438208854871, 14.294734672582827, 14.354605220545595, 14.392367712773666, 14.417726507115509, 14.43470167790828, 14.44623484453515, 14.453717274977754, 14.458871728665025, 14.46246509786772, 14.464973317834922, 14.466534376759482]"
Porites lutea,1498 (X),23621.5231,2.074328778,2.072639397,0.2664407574,1368798.07,0.01725712771,302985,105.793384,118.350055,109.323219,"[2.2417528691989808, 2.6408479619150254, 3.03994305463107, 3.4390381473471145, 3.8381332400631596, 4.237228332779204, 4.636323425495249, 5.035418518211293, 5.434513610927338, 5.833608703643383, 6.232703796359427, 6.631798889075472, 7.030893981791516, 7.429989074507561, 7.829084167223606, 8.22817925993965, 8.627274352655695, 9.02636944537174, 9.425464538087784, 9.82455963080383, 10.223654723519873, 10.622749816235917, 11.021844908951962, 11.420940001668008, 11.820035094384052, 12.219130187100097, 12.61822527981614, 13.017320372532184, 13.416415465248232, 13.815510557964274]","[0.0, 0.6931471805599453, 2.302585092994046, 3.1354942159291497, 4.02535169073515, 5.099866427824199, 6.018593214496234, 6.928537818164665, 7.768110378525988, 8.59711281459211, 9.396155818024393, 10.182330676320705, 10.946076077522912, 11.697926761385943, 12.425818430970127, 13.11014301197116, 13.731380843176854, 13.999142089699605, 14.121525796229413, 14.195689994323912, 14.241838515448235, 14.272055904431832, 14.2919204979113, 14.304744959852009, 14.313445452138701, 14.31919433937863, 14.32296470468333, 14.325476812578348, 14.327252162092137, 14.328322807082708]"
Porites lutea,1557,6411.038528,2.052217747,2.074701645,0.124891742,133011.6556,0.04819907322,255754,47.52071,57.863287,48.373073,"[3.038156676244739, 3.4097895687178266, 3.7814224611909135, 4.153055353664001, 4.524688246137089, 4.896321138610176, 5.2679540310832635, 5.639586923556351, 6.011219816029438, 6.382852708502526, 6.754485600975614, 7.1261184934487005, 7.497751385921788, 7.869384278394875, 8.241017170867963, 8.61265006334105, 8.984282955814137, 9.355915848287225, 9.727548740760312, 10.0991816332334, 10.470814525706489, 10.842447418179574, 11.214080310652662, 11.58571320312575, 11.957346095598838, 12.328978988071924, 12.700611880545011, 13.0722447730181, 13.443877665491186, 13.815510557964274]","[0.6931471805599453, 1.3862943611198906, 2.70805020110221, 3.4011973816621555, 4.465908118654584, 5.198497031265826, 6.0063531596017325, 6.790097235513905, 7.542213463193403, 8.31434234336979, 9.056839480990421, 9.801344078867425, 10.529158567971159, 11.248035012374677, 11.941442816608546, 12.605942127281178, 13.217984417977346, 13.648542924109584, 13.790232749180005, 13.876758044583676, 13.931950469811344, 13.96870277861625, 13.993087543727471, 14.009985462730777, 14.021408657619943, 14.029165231939265, 14.034439640869415, 14.038177195573219, 14.040706401884597, 14.042337716459421]"
Psammocora digitata,1087,5470.550553,2.042399139,2.145511396,0.050341,70365.82894,0.07774441993,1762583,41.49438,55.27068,30.68158,"[3.484092804461018, 3.8403485890645785, 4.196604373668139, 4.5528601582717, 4.90911594287526, 5.26537172747882, 5.621627512082381, 5.977883296685942, 6.334139081289503, 6.690394865893063, 7.046650650496623, 7.402906435100183, 7.759162219703745, 8.115418004307305, 8.471673788910865, 8.827929573514426, 9.184185358117986, 9.540441142721548, 9.896696927325108, 10.252952711928668, 10.60920849653223, 10.96546428113579, 11.321720065739349, 11.677975850342909, 12.03423163494647, 12.39048741955003, 12.746743204153592, 13.102998988757152, 13.459254773360712, 13.815510557964274]","[2.0794415416798357, 2.302585092994046, 3.044522437723423, 3.8918202981106265, 4.574710978503383, 5.501258210544727, 6.263398262591624, 7.044032897274685, 7.787796878181171, 8.506940814951886, 9.222170123729759, 9.927350552800656, 10.626144990470014, 11.312729101439343, 11.986167594608146, 12.64041347473663, 13.263277699013669, 13.834119335650616, 14.071389995163033, 14.175575848178537, 14.242025880820725, 14.285907859710822, 14.31574691279963, 14.3360849081042, 14.350184730882223, 14.359807901041249, 14.366801504650766, 14.371534187531475, 14.37477256904233, 14.376961232893038]"
Sandalolitha dentata,1994,123438.1996,2.354020052,2.341720926,0.112464,1431178.083,0.08624936415,7919530,120.66597,90.49333,131.06668,"[2.4024791326498156, 2.7960319404192795, 3.1895847481887434, 3.583137555958208, 3.976690363727672, 4.370243171497136, 4.7637959792666, 5.157348787036065, 5.550901594805528, 5.944454402574992, 6.338007210344456, 6.73156001811392, 7.125112825883385, 7.518665633652848, 7.912218441422313, 8.305771249191777, 8.69932405696124, 9.092876864730705, 9.486429672500169, 9.879982480269632, 10.273535288039096, 10.66708809580856, 11.060640903578026, 11.454193711347488, 11.847746519116955, 12.241299326886418, 12.634852134655882, 13.028404942425345, 13.42195775019481, 13.815510557964274]","[0.6931471805599453, 1.3862943611198906, 2.6390573296152584, 3.4011973816621555, 4.477336814478207, 5.552959584921617, 6.57507584059962, 7.56164174558878, 8.495152060539358, 9.42424134192346, 10.352746235642707, 11.284027890973322, 12.203579540324462, 13.08576578087051, 13.904647175030536, 14.64136135113338, 15.28249995240859, 15.565426330356416, 15.683502871158478, 15.753578753404831, 15.79791421571817, 15.827013672035763, 15.846230101901295, 15.858895684814136, 15.867395633888183, 15.873057272723862, 15.87696912078308, 15.879501476126746, 15.881225316964642, 15.88239736778095]"
tenactis echinata,2480,57539.11394,2.231789968,2.211263293,0.557468,1248975.729,0.04606904091,136765,108.32151,121.427113,94.956265,"[2.354338861804725, 2.7495516789136754, 3.144764496022625, 3.539977313131575, 3.9351901302405246, 4.330402947349475, 4.725615764458425, 5.120828581567375, 5.516041398676325, 5.911254215785275, 6.306467032894225, 6.701679850003175, 7.096892667112125, 7.492105484221074, 7.8873183013300245, 8.282531118438975, 8.677743935547925, 9.072956752656875, 9.468169569765825, 9.863382386874775, 10.258595203983726, 10.653808021092676, 11.049020838201626, 11.444233655310574, 11.839446472419525, 12.234659289528475, 12.629872106637423, 13.025084923746373, 13.420297740855323]","[0.0, 1.6094379124341003, 2.4849066497880004, 3.332204510175204, 4.276666119016055, 5.220355825078324, 6.192362489474872, 7.118826249062078, 7.987524479848767, 8.834773814213882, 9.672248823507559, 10.444561061459837, 11.08447828047014, 11.503117523979142, 11.705288107574903, 11.785415216313465, 11.812607746037443, 11.82118927289928, 11.823991977654746, 11.824878109746404, 11.825331856826788, 11.82558791348255, 11.825748829828342, 11.825843904590085, 11.82588778220081, 11.825960907273968, 11.825975531646948, 11.825975531646948, 11.825975531646948]"
Turbinaria mesenterina,1485 (X),55789.43919,2.128141061,2.217578002,0.296115,3386208.601,0.016475488,476491,147.26358,131.65999,174.64837,"[2.027532512895622, 2.4340145144497134, 2.840496516003805, 3.246978517557897, 3.653460519111988, 4.0599425206660795, 4.466424522220171, 4.872906523774263, 5.279388525328354, 5.685870526882445, 6.092352528436536, 6.498834529990629, 6.905316531544719, 7.311798533098811, 7.718280534652903, 8.124762536206994, 8.531244537761085, 8.937726539315177, 9.344208540869268, 9.75069054242336, 10.15717254397745, 10.563654545531543, 10.970136547085636, 11.376618548639724, 11.783100550193817, 12.18958255174791, 12.596064553302, 13.002546554856092, 13.409028556410185, 13.815510557964274]","[0.6931471805599453, 1.6094379124341003, 2.3978952727983707, 3.295836866004329, 4.110873864173311, 5.043425116919247, 6.023447592961033, 6.9363427358340495, 7.875499292445208, 8.765146421639022, 9.595738817934032, 10.389672062385667, 11.155107010329417, 11.871396794441878, 12.511868419846172, 12.757973031867884, 12.874191719728005, 12.945089061831887, 12.990070075172351, 13.019142792682413, 13.037820224569062, 13.049730317033282, 13.058144805077678, 13.063400748711873, 13.066977509323594, 13.069521516184796, 13.070975341686855, 13.07212636705758, 13.072717146914663, 13.073206746094016]"
Turbinaria mesenterina,2512,33935.19394,2.239785831,2.247052958,0.374935,499441.2039,0.06794632417,156554,106.406166,46.269508,101.443142,"[3.073272109359442, 3.4436941248285744, 3.8141161402977066, 4.184538155766839, 4.554960171235971, 4.925382186705103, 5.295804202174235, 5.666226217643367, 6.0366482331124995, 6.407070248581632, 6.777492264050763, 7.147914279519896, 7.518336294989028, 7.888758310458161, 8.259180325927293, 8.629602341396424, 9.000024356865557, 9.370446372334689, 9.74086838780382, 10.111290403272953, 10.481712418742084, 10.852134434211218, 11.222556449680349, 11.592978465149482, 11.963400480618613, 12.333822496087747, 12.70424451155688, 13.074666527026011, 13.445088542495142, 13.815510557964274]","[1.6094379124341003, 2.302585092994046, 3.295836866004329, 4.07753744390572, 4.955827057601261, 5.8289456176102075, 6.727431724850855, 7.630461261783627, 8.496582237512113, 9.313167681775653, 10.059593462511671, 10.691853999677008, 11.177424756262903, 11.510743085311162, 11.72856896105261, 11.865875479967091, 11.934650986423286, 11.951548070236374, 11.957233009565872, 11.958924526118684, 11.959813986709912, 11.960204075891804, 11.960549273808702, 11.960779339570179, 11.960887963339085, 11.960964631837314, 11.961015740904072, 11.96105407099, 11.96109239960679, 11.961111563364291]"
Turbinaria peltata,2505,29067.79162,1.991057367,2.107304218,0.326041,487005.8555,0.05968673947,127455,84.451299,79.787479,72.275833,"[2.6272654657224157, 3.013067020627307, 3.398868575532199, 3.7846701304370907, 4.170471685341982, 4.556273240246874, 4.942074795151766, 5.327876350056657, 5.713677904961549, 6.099479459866441, 6.485281014771333, 6.871082569676224, 7.2568841245811155, 7.642685679486007, 8.0284872343909, 8.41428878929579, 8.800090344200683, 9.185891899105574, 9.571693454010466, 9.957495008915359, 10.34329656382025, 10.72909811872514, 11.114899673630033, 11.500701228534924, 11.886502783439816, 12.272304338344709, 12.658105893249598, 13.04390744815449, 13.429709003059383, 13.815510557964274]","[2.0794415416798357, 2.302585092994046, 3.044522437723423, 3.828641396489095, 4.68213122712422, 5.476463551931511, 6.304448802421981, 7.110696122978827, 7.894690850425624, 8.69751274553952, 9.462187991418748, 10.173209299610916, 10.77067207030233, 11.206305191498197, 11.481775297177933, 11.644655235648123, 11.726172203999125, 11.746526149384719, 11.75175337120449, 11.753303643205992, 11.754113235742224, 11.754615953571017, 11.754937874420527, 11.755141965665722, 11.755322473206325, 11.755353862496301, 11.755377403817207, 11.7554244847965, 11.755440177963695, 11.75546371725273]"